{"cameraMode":{"drawMode":0,"name":"Shaded","section":"Shading Mode"},"sceneLighting":false,"audioPlay":false,"sceneViewState":{"showFog":true,"showMaterialUpdate":false,"showSkybox":false,"showFlares":true,"showImageEffects":true,"showParticleSystems":true},"in2DMode":false,"pivot":{"x":-0.2704131305217743,"y":0.4145691394805908,"z":0.06438648700714112},"rotation":{"x":-0.11852268874645233,"y":0.8732829093933106,"z":-0.3918810188770294,"w":-0.26412057876586916},"size":1.900113821029663,"orthographic":false}