{"cameraMode":{"drawMode":0,"name":"Shaded","section":"Shading Mode"},"sceneLighting":false,"audioPlay":false,"sceneViewState":{"showFog":true,"showMaterialUpdate":false,"showSkybox":false,"showFlares":true,"showImageEffects":true,"showParticleSystems":true},"in2DMode":false,"pivot":{"x":0.0006894469261169434,"y":-0.004511967301368713,"z":0.0},"rotation":{"x":-0.10223213583230972,"y":0.8967952132225037,"z":-0.3256389796733856,"w":-0.28154268860816958},"size":3.3829898834228517,"orthographic":false}