{"cameraMode":{"drawMode":0,"name":"Shaded","section":"Shading Mode"},"sceneLighting":true,"audioPlay":false,"sceneViewState":{"showFog":true,"showMaterialUpdate":false,"showSkybox":false,"showFlares":true,"showImageEffects":true,"showParticleSystems":true},"in2DMode":false,"pivot":{"x":1.9305715560913087,"y":1.2676334381103516,"z":0.7780647277832031},"rotation":{"x":-0.5477546453475952,"y":-0.049354977905750278,"z":0.032423947006464007,"w":-0.8345783352851868},"size":34.438377380371097,"orthographic":false}